h3_index,total_population,avg_imd_score
89194ac10dbffff,5402.359304507477,9.163700230443409
89194ad467bffff,7203.145739343302,10.289387335393059
89194ad7153ffff,7203.145739343302,9.895853681787406
89194ad9da3ffff,7203.145739343302,11.729486925310647
89194e6082fffff,7203.145739343302,11.3360643462366
